[
    {
        "description": [
            "right_arm => [start -> cube pickup], left_arm static",
            "picking up a cube: go down",
            "picking up a cube: go up",
            "right_arm => [cube -> meeting], left_arm static",
            "right_arm static, left_arm => [start -> meeting]",
            "prepare for meeting: rotate left arm",
            "passing the cube: right arm approaches",
            "passing the cube: left arm approaches",
            "passing the cube: right arm goes away",
            "passing the cube: left arm goes away",
            "leave for meeting: rotate left arm back",
            "right_arm static, left_arm => [meeting -> cube put-down]",
            "dropping a cube: go down",
            "dropping a cube: go up"
        ],
        "active_id": [
            2,
            2,
            2,
            2,
            1,
            1,
            2,
            1,
            2,
            1,
            1,
            1,
            1,
            1
        ],
        "command": [
            "move",
            "movel",
            "movel",
            "move",
            "move",
            "move",
            "movel",
            "movel",
            "movel",
            "movel",
            "move",
            "move",
            "movel",
            "movel"
        ],
        "static": [
            [
                0.0,
                -1.5707963267948966,
                0.0,
                -1.5707963267948966,
                0.0,
                0.0
            ],
            [
                0.0,
                -1.5707963267948966,
                0.0,
                -1.5707963267948966,
                0.0,
                0.0
            ],
            [
                0.0,
                -1.5707963267948966,
                0.0,
                -1.5707963267948966,
                0.0,
                0.0
            ],
            [
                0.0,
                -1.5707963267948966,
                0.0,
                -1.5707963267948966,
                0.0,
                0.0
            ],
            [
                -2.9934641040971934,
                -2.930924293268491,
                0.8826038548093044,
                2.048320438459186,
                0.1481285494926033,
                -3.1415926535897927
            ],
            [
                -2.9934641040971934,
                -2.930924293268491,
                0.8826038548093044,
                2.048320438459186,
                0.1481285494926033,
                -3.1415926535897927
            ],
            [
                0.0,
                -1.5707963267948966,
                0.0,
                -1.5707963267948966,
                0.0,
                0.0
            ],
            [
                0.0,
                -1.5707963267948966,
                0.0,
                -1.5707963267948966,
                0.0,
                0.0
            ],
            [
                0.0,
                -1.5707963267948966,
                0.0,
                -1.5707963267948966,
                0.0,
                0.0
            ],
            [
                0.0,
                -1.5707963267948966,
                0.0,
                -1.5707963267948966,
                0.0,
                0.0
            ],
            [
                -2.9934641040971934,
                -2.930924293268491,
                0.8826038548093044,
                2.048320438459186,
                0.1481285494926033,
                -3.1415926535897927
            ],
            [
                -2.9934641040971934,
                -2.930924293268491,
                0.8826038548093044,
                2.048320438459186,
                0.1481285494926033,
                -3.1415926535897927
            ],
            [
                0.0,
                -1.5707963267948966,
                0.0,
                -1.5707963267948966,
                0.0,
                0.0
            ],
            [
                0.0,
                -1.5707963267948966,
                0.0,
                -1.5707963267948966,
                0.0,
                0.0
            ]
        ],
        "path": [
            [
                [
                    1.5707963267948966,
                    -1.5707963267948966,
                    0.0,
                    -1.5707963267948966,
                    0.0,
                    0.0
                ],
                [
                    1.8361630711389854,
                    -1.2644357582486387,
                    -0.23082600752802374,
                    -1.5643874873947452,
                    0.17839608077755803,
                    -0.02401691957049206
                ],
                [
                    1.959036609762671,
                    -1.1008227775147383,
                    -0.31984087710264464,
                    -1.137878255126676,
                    0.312920267877575,
                    -0.009791698614136894
                ],
                [
                    2.0110611163342034,
                    -0.7418065402691314,
                    -0.05437497743513914,
                    -1.0172712802725137,
                    0.4255546922842878,
                    0.13406966617437233
                ],
                [
                    2.093763292752126,
                    -0.8040314960644661,
                    0.19825633623642347,
                    -0.6615046553626689,
                    0.610381522836739,
                    0.012681958589208564
                ],
                [
                    2.176465469170049,
                    -0.8662564518598008,
                    0.4508876499079861,
                    -0.305738030452824,
                    0.7952083533891902,
                    -0.1087057489959552
                ],
                [
                    2.3670016421967404,
                    -1.1335005209388844,
                    0.5068123325136706,
                    -0.5198548596707818,
                    1.0596417820421993,
                    -0.2616042429136912
                ],
                [
                    2.5074518952241576,
                    -1.1668772075469533,
                    0.23502824014958906,
                    -0.15419224540793758,
                    1.177488880396982,
                    -0.17387714166639073
                ],
                [
                    2.5115804956289667,
                    -1.156718824312006,
                    0.563122498549266,
                    0.19071358186437665,
                    1.2786208874866327,
                    -0.28809713540450477
                ],
                [
                    2.515709096033776,
                    -1.1465604410770585,
                    0.8912167569489429,
                    0.5356194091366908,
                    1.3797528945762834,
                    -0.40231712914261875
                ],
                [
                    2.519837696438585,
                    -1.136402057842111,
                    1.2193110153486197,
                    0.880525236409005,
                    1.4808849016659338,
                    -0.5165371228807327
                ],
                [
                    2.523508229209237,
                    -1.1273707457981346,
                    1.5110032619307996,
                    1.1871638106622315,
                    1.5707963267948966,
                    -0.6180844243805562
                ]
            ],
            [
                0,
                0,
                -0.14
            ],
            [
                0,
                0,
                0.14
            ],
            [
                [
                    2.523508229209237,
                    -1.1273707457981346,
                    1.5110032619307996,
                    1.1871638106622315,
                    1.5707963267948966,
                    -0.6180844243805562
                ],
                [
                    2.4799971198842714,
                    -1.0882837005176746,
                    1.8248498327911165,
                    1.2449818476356285,
                    1.9021290591841216,
                    -0.4311218311598606
                ],
                [
                    2.216344627565812,
                    -1.1717004787433942,
                    1.8539686872614407,
                    1.256651571717762,
                    1.5254675800706545,
                    -0.606253337208726
                ],
                [
                    2.0636408983691608,
                    -1.3038356616879503,
                    1.99410495755771,
                    1.3904737489229637,
                    1.1376980439211162,
                    -0.7522331371384663
                ],
                [
                    1.7253353576175006,
                    -1.408384154139096,
                    2.089456784181326,
                    1.3274773282077188,
                    0.82272818415336,
                    -0.8633746748163629
                ],
                [
                    1.3720463497937685,
                    -1.579253328047506,
                    1.9540160442159036,
                    1.4083749437127306,
                    0.7470203066853083,
                    -1.119050839937958
                ],
                [
                    1.0187573419700364,
                    -1.7501225019559161,
                    1.8185753042504815,
                    1.4892725592177425,
                    0.6713124292172565,
                    -1.374727005059553
                ],
                [
                    0.6654683341463044,
                    -1.9209916758643262,
                    1.6831345642850595,
                    1.5701701747227546,
                    0.5956045517492048,
                    -1.630403170181148
                ],
                [
                    0.6078601730754367,
                    -1.8630750610500026,
                    1.3803589681116488,
                    1.2942790364075043,
                    0.5823146374380913,
                    -1.3558829307723994
                ],
                [
                    0.5796319899797242,
                    -1.809762934195324,
                    1.0575635318741468,
                    1.043474111488852,
                    0.30082558730577114,
                    -1.3508931967374442
                ],
                [
                    0.309423603242559,
                    -1.9139078454793323,
                    1.01048884279563,
                    1.0954514780391165,
                    -0.08773046040701526,
                    -1.249661828125616
                ],
                [
                    0.010347150936882654,
                    -1.8899456544243718,
                    1.080148743538894,
                    0.9685526157211747,
                    -0.4141312314271618,
                    -1.069423644811423
                ],
                [
                    -0.12197737779438911,
                    -1.9179207951826553,
                    0.9086725042174587,
                    0.6941349921520976,
                    -0.057912602835811844,
                    -1.0797564306398995
                ],
                [
                    -0.3406368213216999,
                    -2.0882171095603654,
                    0.9042900959400915,
                    0.9217875036446996,
                    -0.023274964448612205,
                    -1.4263723211894437
                ],
                [
                    -0.5592962648490105,
                    -2.2585134239380755,
                    0.8999076876627242,
                    1.1494400151373017,
                    0.011362673938587427,
                    -1.772988211738988
                ],
                [
                    -0.804442993979464,
                    -2.2585134239380755,
                    0.8999076876627242,
                    1.1494400151373017,
                    0.011362673938587427,
                    -1.772988211738988
                ],
                [
                    -0.968864322575751,
                    -2.437345931919494,
                    0.8953056088326335,
                    1.3885037302109815,
                    0.04773654242758824,
                    -2.1369784087065224
                ],
                [
                    -1.133285651172038,
                    -2.6161784399009127,
                    0.890703530002543,
                    1.6275674452846614,
                    0.08411041091658907,
                    -2.500968605674057
                ],
                [
                    -1.297706979768325,
                    -2.7950109478823313,
                    0.8861014511724523,
                    1.8666311603583414,
                    0.1204842794055899,
                    -2.8649588026415915
                ],
                [
                    -1.4226677773022969,
                    -2.930924293268491,
                    0.8826038548093044,
                    2.048320438459186,
                    0.1481285494926033,
                    -3.1415926535897927
                ]
            ],
            [
                [
                    -1.5707963267948966,
                    -1.5707963267948966,
                    0.0,
                    -1.5707963267948966,
                    0.0,
                    0.0
                ],
                [
                    -1.351352003798207,
                    -1.286910709074225,
                    0.1360079052973004,
                    -1.5304075605625502,
                    0.2977195861683525,
                    -0.11174430825098772
                ],
                [
                    -1.2331848403202321,
                    -1.0133347462105649,
                    -0.16089870690375901,
                    -1.4252589864861152,
                    0.10042951974473835,
                    -0.26359813503957724
                ],
                [
                    -1.1498503338178587,
                    -0.9006405224244305,
                    0.21335701730360168,
                    -1.3533887998776664,
                    0.06410673170463294,
                    0.025889958316834993
                ],
                [
                    -0.9313944754441907,
                    -1.1023853015685126,
                    0.3999781414727469,
                    -1.1332359039760334,
                    -0.12788123682868516,
                    -0.17763389878288763
                ],
                [
                    -0.8781732390695265,
                    -1.1327569834837699,
                    0.3720412036511777,
                    -0.7588800602225745,
                    -0.0018082161287669984,
                    0.1214110545949921
                ],
                [
                    -0.6308473418276165,
                    -1.1505812957730768,
                    0.29649553217784913,
                    -0.47097055426116274,
                    -0.23232939083205614,
                    -0.09485995677040748
                ],
                [
                    -0.34443588571127615,
                    -1.1667628847301137,
                    -0.10142985019684353,
                    -0.40790467417923926,
                    -0.18611540155820003,
                    -0.03786007948118699
                ],
                [
                    -0.3449848063770824,
                    -1.2696663671613488,
                    -0.2586003686591021,
                    -0.10024058516836365,
                    0.15528174663730884,
                    0.021290538884251906
                ],
                [
                    -0.10367003479821402,
                    -1.2378163263520674,
                    -0.08899747375981604,
                    -0.059668868037017556,
                    0.5556959545617862,
                    0.018126392665303963
                ],
                [
                    0.12438040674561712,
                    -1.4208280329980651,
                    -0.14484494350853105,
                    0.13580860444561038,
                    0.772438626129958,
                    -0.25790248904482505
                ],
                [
                    0.19190849505048635,
                    -1.124080463639102,
                    -0.19952555739816125,
                    0.31786516510085805,
                    0.9462465836153705,
                    0.043821010986613396
                ],
                [
                    0.41371289434152825,
                    -1.1100553198979297,
                    0.021318013585801626,
                    0.28825046122122083,
                    1.3346757422521298,
                    0.03487791375513749
                ],
                [
                    0.6355172936325699,
                    -1.0960301761567575,
                    0.2421615845697645,
                    0.2586357573415836,
                    1.723104900888889,
                    0.025934816523661582
                ],
                [
                    0.8573216929236116,
                    -1.0820050324155852,
                    0.46300515555372734,
                    0.22902105346194643,
                    2.111534059525648,
                    0.016991719292185674
                ],
                [
                    1.0791260922146537,
                    -1.067979888674413,
                    0.6838487265376902,
                    0.19940634958230924,
                    2.4999632181624074,
                    0.008048622060709765
                ],
                [
                    1.2787459481872787,
                    -1.0553575187730182,
                    0.8826038548093021,
                    0.17275366396371578,
                    2.849542274982176,
                    -2.0366847201866515e-16
                ]
            ],
            [
                [
                    1.2787459481872787,
                    -1.0553575187730182,
                    0.8826038548093021,
                    0.17275366396371578,
                    2.849542274982176,
                    -2.0366847201866515e-16
                ],
                [
                    1.2787459481872787,
                    -1.0553575187730182,
                    0.8826038548093021,
                    0.17275366396371578,
                    2.849542274982176,
                    1.5707963267948963
                ]
            ],
            [
                -0.08,
                0,
                0
            ],
            [
                -0.08,
                0,
                0
            ],
            [
                0.08,
                0,
                0
            ],
            [
                0.08,
                0,
                0
            ],
            [
                [
                    1.2787459481872787,
                    -1.0553575187730182,
                    0.8826038548093021,
                    0.17275366396371578,
                    2.849542274982176,
                    1.5707963267948963
                ],
                [
                    1.2787459481872787,
                    -1.0553575187730182,
                    0.8826038548093021,
                    0.17275366396371578,
                    2.849542274982176,
                    -2.0366847201866515e-16
                ]
            ],
            [
                [
                    1.2787459481872787,
                    -1.0553575187730182,
                    0.8826038548093021,
                    0.17275366396371578,
                    2.849542274982176,
                    -2.0366847201866515e-16
                ],
                [
                    1.1029355611365248,
                    -1.295878034299585,
                    1.0789342386709104,
                    0.382164900462023,
                    2.713427931713835,
                    0.24559069480240958
                ],
                [
                    1.0867648213693313,
                    -1.3126050113317975,
                    0.7819778424925812,
                    0.28571896454766327,
                    2.3332694781786536,
                    0.33192345703591764
                ],
                [
                    0.7547789400384151,
                    -1.306599309182722,
                    0.6695155455864928,
                    0.528725122545756,
                    2.1825159581303852,
                    0.11903165052072881
                ],
                [
                    0.5316601140107351,
                    -1.384248356306033,
                    0.47939464544489957,
                    0.38698532169215627,
                    1.8597210458068465,
                    0.30275952460150846
                ],
                [
                    0.12597159629624044,
                    -1.3392521692162929,
                    0.5494773738576194,
                    0.41052968198705925,
                    1.8201438064015745,
                    0.02642659833395028
                ],
                [
                    -0.1254592593713324,
                    -1.1153162747497618,
                    0.5545686899247335,
                    0.2425364017005181,
                    1.6439930713362563,
                    0.3045605495210848
                ],
                [
                    -0.2953849932977408,
                    -0.7999280274005615,
                    0.6421055165277663,
                    0.21086217627257636,
                    1.3206562546283631,
                    0.2126755737274986
                ],
                [
                    -0.6026373521891097,
                    -0.7209386933660945,
                    0.9158926913362968,
                    0.30775940526987516,
                    1.4898440157179074,
                    0.40342065095099156
                ],
                [
                    -0.6887136186378826,
                    -0.47435964525212904,
                    0.5523665377056997,
                    0.37197164642636,
                    1.3295678338128616,
                    0.2626132697112421
                ],
                [
                    -1.0072187582796905,
                    -0.37366134919334315,
                    0.4045884046443142,
                    0.4006001519271626,
                    1.1100191177620058,
                    0.002700356344645105
                ],
                [
                    -1.1951060267073244,
                    -0.39914387068907153,
                    0.4085040525595824,
                    0.6430916168244303,
                    1.1993720325902462,
                    -0.3810282316262019
                ],
                [
                    -1.6195356121938276,
                    -0.4072845604787641,
                    0.4042683313046596,
                    0.6743361354639168,
                    1.3480247737877966,
                    -0.1649230318081631
                ],
                [
                    -1.704328744194497,
                    -0.43053725090821676,
                    0.4091460200770322,
                    0.9065998409502487,
                    1.4009981676828382,
                    -0.5956120564634801
                ],
                [
                    -1.7891218761951666,
                    -0.45378994133766937,
                    0.4140237088494048,
                    1.1388635464365806,
                    1.4539715615778797,
                    -1.0263010811187971
                ],
                [
                    -1.873915008195836,
                    -0.477042631767122,
                    0.4189013976217774,
                    1.3711272519229125,
                    1.5069449554729213,
                    -1.4569901057741141
                ],
                [
                    -1.9587081401965054,
                    -0.5002953221965747,
                    0.42377908639415,
                    1.6033909574092444,
                    1.5599183493679627,
                    -1.8876791304294311
                ],
                [
                    -1.9761202353643128,
                    -0.505070214326541,
                    0.42478070974617843,
                    1.6510858313752592,
                    1.5707963267948954,
                    -1.976120235364313
                ]
            ],
            [
                0,
                0,
                -0.25
            ],
            [
                0,
                0,
                0.25
            ]
        ],
        "cubes": [
            [
                [
                    1.78,
                    0.55,
                    0.02
                ],
                [
                    1.78,
                    0.55,
                    0.02
                ]
            ],
            [],
            [],
            [],
            [],
            [],
            [],
            [],
            [],
            [],
            [],
            [],
            [],
            []
        ],
        "gripper_pre": [
            "OPEN",
            "STAY",
            "STAY",
            "STAY",
            "STAY",
            "STAY",
            "STAY",
            "STAY",
            "OPEN",
            "STAY",
            "STAY",
            "STAY",
            "STAY",
            "STAY"
        ],
        "gripper_post": [
            "STAY",
            "CLOSE",
            "STAY",
            "STAY",
            "OPEN",
            "STAY",
            "STAY",
            "CLOSE",
            "STAY",
            "STAY",
            "STAY",
            "STAY",
            "OPEN",
            "STAY"
        ]
    }
]